{"filter":false,"title":"price_data.json","tooltip":"/resources/my-data/price_data.json","undoManager":{"mark":2,"position":2,"stack":[[{"start":{"row":0,"column":0},"end":{"row":3,"column":1},"action":"insert","lines":["{","    \"hawaii\": \"1450.95\",","    \"sf\": \"1758:76\"","}"],"id":1}],[{"start":{"row":0,"column":0},"end":{"row":3,"column":1},"action":"remove","lines":["{","    \"hawaii\": \"1450.95\",","    \"sf\": \"1758:76\"","}"],"id":2},{"start":{"row":0,"column":0},"end":{"row":4,"column":1},"action":"insert","lines":["{","    \"hawaii\": \"4555.77\",","    \"sf\": \"3543.66\",","    \"vegas\": \"2536.55\"","}"]}],[{"start":{"row":4,"column":1},"end":{"row":5,"column":0},"action":"insert","lines":["",""],"id":3}]]},"ace":{"folds":[],"scrolltop":0,"scrollleft":0,"selection":{"start":{"row":5,"column":0},"end":{"row":5,"column":0},"isBackwards":false},"options":{"guessTabSize":true,"useWrapMode":false,"wrapToView":true},"firstLineState":0},"timestamp":1615388593604,"hash":"202f2529224861b7f465ff48a09dc189a6a8592a"}