{"filter":false,"title":"service_data.json","tooltip":"/resources/my-data/service_data.json","undoManager":{"mark":1,"position":1,"stack":[[{"start":{"row":0,"column":0},"end":{"row":0,"column":16},"action":"insert","lines":["[\"hawaii\", \"sf\"]"],"id":1}],[{"start":{"row":0,"column":0},"end":{"row":0,"column":16},"action":"remove","lines":["[\"hawaii\", \"sf\"]"],"id":2},{"start":{"row":0,"column":0},"end":{"row":0,"column":25},"action":"insert","lines":["[\"hawaii\", \"sf\", \"vegas\"]"]}]]},"ace":{"folds":[],"scrolltop":0,"scrollleft":0,"selection":{"start":{"row":0,"column":25},"end":{"row":0,"column":25},"isBackwards":false},"options":{"guessTabSize":true,"useWrapMode":false,"wrapToView":true},"firstLineState":0},"timestamp":1615388601617,"hash":"05c3759db7bdbe64f4a2ab37f70b8beb37886ede"}