{"filter":false,"title":"Dockerrun.aws.json","tooltip":"/resources/Dockerrun.aws.json","undoManager":{"mark":0,"position":0,"stack":[[{"start":{"row":0,"column":0},"end":{"row":47,"column":8},"action":"insert","lines":[" {","     \"AWSEBDockerrunVersion\": 2,","       \"volumes\": [","          {","            \"name\": \"my-named-shared-data\",","            \"host\": {","              \"sourcePath\": \"/var/lib/docker/volumes/my-named-shared-data/_data\"","            }","          } ","        ],","        \"containerDefinitions\": [","          {","            \"name\": \"service-api\",","            \"image\": \"service-api\",","            \"essential\": true,","            \"memory\": 128,","            \"portMappings\": [","              {","                \"hostPort\": 8080,","                \"containerPort\": 3000","              }","            ],","            \"mountPoints\": [","              {","                \"sourceVolume\": \"my-named-shared-data\",","                \"containerPath\": \"/contains_your_service_area_data\"","              }","            ]","          },","          {","            \"name\": \"price-api\",","            \"image\": \"price-api\",","            \"memory\": 128,","            \"portMappings\": [","              {","                \"hostPort\": 8081,","                \"containerPort\": 3000","              }","            ],","            \"mountPoints\": [","              {","                \"sourceVolume\": \"my-named-shared-data\",","                \"containerPath\": \"/contains_your_price_data\"","              }","            ]","          }","        ]","      } "],"id":1}]]},"ace":{"folds":[],"scrolltop":228,"scrollleft":0,"selection":{"start":{"row":47,"column":8},"end":{"row":47,"column":8},"isBackwards":false},"options":{"guessTabSize":true,"useWrapMode":false,"wrapToView":true},"firstLineState":{"row":15,"state":"start","mode":"ace/mode/json"}},"timestamp":1615389816051,"hash":"143ea7bf6f282385d482643cb7890b75bbcc02dd"}