 {
     "AWSEBDockerrunVersion": 2,
       "volumes": [
          {
            "name": "my-named-shared-data",
            "host": {
              "sourcePath": "/var/lib/docker/volumes/my-named-shared-data/_data"
            }
          } 
        ],
        "containerDefinitions": [
          {
            "name": "service-api",
            "image": "service-api",
            "essential": true,
            "memory": 128,
            "portMappings": [
              {
                "hostPort": 8080,
                "containerPort": 3000
              }
            ],
            "mountPoints": [
              {
                "sourceVolume": "my-named-shared-data",
                "containerPath": "/contains_your_service_area_data"
              }
            ]
          },
          {
            "name": "price-api",
            "image": "price-api",
            "memory": 128,
            "portMappings": [
              {
                "hostPort": 8081,
                "containerPort": 3000
              }
            ],
            "mountPoints": [
              {
                "sourceVolume": "my-named-shared-data",
                "containerPath": "/contains_your_price_data"
              }
            ]
          }
        ]
      } 